region,report_year,taxation_year,basis,core_value,ring_value,core_share,n_members_found,n_members_expected,basis_note
calgary,2011,2010,nr,49702862091,3610731805,0.932274,8,8,equalized assessment; 2025 board membership applied to all years
calgary,2011,2010,nr_linear,51648476854,5142752305,0.909445,8,8,equalized assessment; 2025 board membership applied to all years
calgary,2011,2010,nr_all,51944130974,5904693495,0.897929,8,8,equalized assessment; 2025 board membership applied to all years
calgary,2012,2011,nr,47488859693,3975828885,0.922746,8,8,equalized assessment; 2025 board membership applied to all years
calgary,2012,2011,nr_linear,49478004686,5579831835,0.898655,8,8,equalized assessment; 2025 board membership applied to all years
calgary,2012,2011,nr_all,49773658806,6331058625,0.887156,8,8,equalized assessment; 2025 board membership applied to all years
calgary,2013,2012,nr,49243025694,4213404546,0.921181,8,8,equalized assessment; 2025 board membership applied to all years
calgary,2013,2012,nr_linear,51265707667,5868719196,0.897282,8,8,equalized assessment; 2025 board membership applied to all years
calgary,2013,2012,nr_all,51566091847,6579206656,0.886849,8,8,equalized assessment; 2025 board membership applied to all years
calgary,2014,2013,nr,60030409202,4691231465,0.927517,8,8,equalized assessment; 2025 board membership applied to all years
calgary,2014,2013,nr_linear,62064870355,6393510105,0.906607,8,8,equalized assessment; 2025 board membership applied to all years
calgary,2014,2013,nr_all,62374494655,7116419345,0.897592,8,8,equalized assessment; 2025 board membership applied to all years
calgary,2015,2014,nr,67053888216,5128296226,0.928953,8,8,equalized assessment; 2025 board membership applied to all years
calgary,2015,2014,nr_linear,69118191779,6915109236,0.909052,8,8,equalized assessment; 2025 board membership applied to all years
calgary,2015,2014,nr_all,69432436079,7662962786,0.900604,8,8,equalized assessment; 2025 board membership applied to all years
calgary,2016,2015,nr,73140437729,5792761648,0.926612,8,8,equalized assessment; 2025 board membership applied to all years
calgary,2016,2015,nr_linear,75298617392,7706704868,0.907154,8,8,equalized assessment; 2025 board membership applied to all years
calgary,2016,2015,nr_all,75631711692,8471509948,0.899272,8,8,equalized assessment; 2025 board membership applied to all years
calgary,2017,2016,nr,71008604115,4733090730,0.93751,8,8,equalized assessment; 2025 board membership applied to all years
calgary,2017,2016,nr_linear,73856329808,6641955240,0.917489,8,8,equalized assessment; 2025 board membership applied to all years
calgary,2017,2016,nr_all,74196334808,7384634150,0.909481,8,8,equalized assessment; 2025 board membership applied to all years
calgary,2018,2017,nr,67339376830,6623312151,0.910451,8,8,equalized assessment; 2025 board membership applied to all years
calgary,2018,2017,nr_linear,70205858783,8482087431,0.892206,8,8,equalized assessment; 2025 board membership applied to all years
calgary,2018,2017,nr_all,70555863783,9186335601,0.8848,8,8,equalized assessment; 2025 board membership applied to all years
calgary,2019,2018,nr,64159226848,6991106974,0.901742,8,8,equalized assessment; 2025 board membership applied to all years
calgary,2019,2018,nr_linear,67094676503,8808873384,0.883946,8,8,equalized assessment; 2025 board membership applied to all years
calgary,2019,2018,nr_all,67449531431,9684383874,0.874447,8,8,equalized assessment; 2025 board membership applied to all years
calgary,2020,2019,nr,56735638132,7321737654,0.8857,8,8,equalized assessment; 2025 board membership applied to all years
calgary,2020,2019,nr_linear,59511088412,9200722644,0.866097,8,8,equalized assessment; 2025 board membership applied to all years
calgary,2020,2019,nr_all,59865943332,10059949404,0.856134,8,8,equalized assessment; 2025 board membership applied to all years
calgary,2021,2020,nr,59152531013,7526426104,0.887124,8,8,equalized assessment; 2025 board membership applied to all years
calgary,2021,2020,nr_linear,62032069633,9303854894,0.869577,8,8,equalized assessment; 2025 board membership applied to all years
calgary,2021,2020,nr_all,62394014553,9998041464,0.86189,8,8,equalized assessment; 2025 board membership applied to all years
calgary,2022,2021,nr,56571715774,7629264500,0.881166,8,8,equalized assessment; 2025 board membership applied to all years
calgary,2022,2021,nr_linear,59523833224,9415906340,0.863418,8,8,equalized assessment; 2025 board membership applied to all years
calgary,2022,2021,nr_all,59889398144,10187601430,0.854623,8,8,equalized assessment; 2025 board membership applied to all years
calgary,2023,2022,nr,53304878817,8062380979,0.868621,8,8,equalized assessment; 2025 board membership applied to all years
calgary,2023,2022,nr_linear,56309167957,9861138689,0.850973,8,8,equalized assessment; 2025 board membership applied to all years
calgary,2023,2022,nr_all,56683867957,10719347889,0.840967,8,8,equalized assessment; 2025 board membership applied to all years
calgary,2024,2023,nr,56078974716,9553815230,0.854435,8,8,equalized assessment; 2025 board membership applied to all years
calgary,2024,2023,nr_linear,59255502116,11425524480,0.838351,8,8,equalized assessment; 2025 board membership applied to all years
calgary,2024,2023,nr_all,59637692116,12334065590,0.828626,8,8,equalized assessment; 2025 board membership applied to all years
calgary,2025,2024,nr,58711131291,11265387040,0.839012,8,8,equalized assessment; 2025 board membership applied to all years
calgary,2025,2024,nr_linear,62750656391,13212166400,0.826071,8,8,equalized assessment; 2025 board membership applied to all years
calgary,2025,2024,nr_all,63143926391,14153115520,0.8169,8,8,equalized assessment; 2025 board membership applied to all years
calgary,2026,2025,nr,61845108245,12716107240,0.829454,8,8,equalized assessment; 2025 board membership applied to all years
calgary,2026,2025,nr_linear,66068913925,14970197420,0.815272,8,8,equalized assessment; 2025 board membership applied to all years
calgary,2026,2025,nr_all,66473973925,15994319070,0.806055,8,8,equalized assessment; 2025 board membership applied to all years
edmonton,2011,2010,nr,31121956103,9726854247,0.761882,13,13,equalized assessment; 2025 board membership applied to all years
edmonton,2011,2010,nr_linear,32638691975,13245758557,0.711324,13,13,equalized assessment; 2025 board membership applied to all years
edmonton,2011,2010,nr_all,33599273155,21987868117,0.604443,13,13,equalized assessment; 2025 board membership applied to all years
edmonton,2012,2011,nr,32450697063,10448733529,0.756437,13,13,equalized assessment; 2025 board membership applied to all years
edmonton,2012,2011,nr_linear,34101634601,14010552389,0.708794,13,13,equalized assessment; 2025 board membership applied to all years
edmonton,2012,2011,nr_all,35012589816,22750645019,0.60614,13,13,equalized assessment; 2025 board membership applied to all years
edmonton,2013,2012,nr,32830444961,11603838188,0.738854,13,13,equalized assessment; 2025 board membership applied to all years
edmonton,2013,2012,nr_linear,34550548717,16008625508,0.683369,13,13,equalized assessment; 2025 board membership applied to all years
edmonton,2013,2012,nr_all,35511906615,27397809808,0.56449,13,13,equalized assessment; 2025 board membership applied to all years
edmonton,2014,2013,nr,36214974092,12994205932,0.735939,13,13,equalized assessment; 2025 board membership applied to all years
edmonton,2014,2013,nr_linear,37958822349,17390804162,0.685801,13,13,equalized assessment; 2025 board membership applied to all years
edmonton,2014,2013,nr_all,38923475726,29083872622,0.572342,13,13,equalized assessment; 2025 board membership applied to all years
edmonton,2015,2014,nr,39441227543,14857774490,0.726371,13,13,equalized assessment; 2025 board membership applied to all years
edmonton,2015,2014,nr_linear,41232419405,19411116820,0.679914,13,13,equalized assessment; 2025 board membership applied to all years
edmonton,2015,2014,nr_all,42151326005,31462223020,0.572603,13,13,equalized assessment; 2025 board membership applied to all years
edmonton,2016,2015,nr,41412161225,17085067802,0.707934,13,13,equalized assessment; 2025 board membership applied to all years
edmonton,2016,2015,nr_linear,43273599342,21822856552,0.664761,13,13,equalized assessment; 2025 board membership applied to all years
edmonton,2016,2015,nr_all,44146610574,33895767582,0.565675,13,13,equalized assessment; 2025 board membership applied to all years
edmonton,2017,2016,nr,42099286091,18802231255,0.691268,13,13,equalized assessment; 2025 board membership applied to all years
edmonton,2017,2016,nr_linear,43949616477,23613923625,0.650493,13,13,equalized assessment; 2025 board membership applied to all years
edmonton,2017,2016,nr_all,44799022193,36237523215,0.552825,13,13,equalized assessment; 2025 board membership applied to all years
edmonton,2018,2017,nr,40413232411,19030741492,0.679854,13,13,equalized assessment; 2025 board membership applied to all years
edmonton,2018,2017,nr_linear,42210890441,23990744702,0.637611,13,13,equalized assessment; 2025 board membership applied to all years
edmonton,2018,2017,nr_all,43070501408,37047835672,0.537586,13,13,equalized assessment; 2025 board membership applied to all years
edmonton,2019,2018,nr,40694074934,19452418747,0.676583,13,13,equalized assessment; 2025 board membership applied to all years
edmonton,2019,2018,nr_linear,42522305289,24453984647,0.634886,13,13,equalized assessment; 2025 board membership applied to all years
edmonton,2019,2018,nr_all,43367895923,37948252807,0.533325,13,13,equalized assessment; 2025 board membership applied to all years
edmonton,2020,2019,nr,41105248987,19939267243,0.673365,13,13,equalized assessment; 2025 board membership applied to all years
edmonton,2020,2019,nr_linear,43011545847,25103417393,0.631455,13,13,equalized assessment; 2025 board membership applied to all years
edmonton,2020,2019,nr_all,43833738463,38688726933,0.531173,13,13,equalized assessment; 2025 board membership applied to all years
edmonton,2021,2020,nr,40549602023,20744554956,0.661557,13,13,equalized assessment; 2025 board membership applied to all years
edmonton,2021,2020,nr_linear,42464843353,25880347836,0.621329,13,13,equalized assessment; 2025 board membership applied to all years
edmonton,2021,2020,nr_all,43334933333,39490023726,0.523211,13,13,equalized assessment; 2025 board membership applied to all years
edmonton,2022,2021,nr,37373229594,20592210124,0.64475,13,13,equalized assessment; 2025 board membership applied to all years
edmonton,2022,2021,nr_linear,39333798664,25664138754,0.605155,13,13,equalized assessment; 2025 board membership applied to all years
edmonton,2022,2021,nr_all,40197038452,42053982854,0.488712,13,13,equalized assessment; 2025 board membership applied to all years
edmonton,2023,2022,nr,36220924846,21012640447,0.632862,13,13,equalized assessment; 2025 board membership applied to all years
edmonton,2023,2022,nr_linear,38273057756,25974123407,0.595716,13,13,equalized assessment; 2025 board membership applied to all years
edmonton,2023,2022,nr_all,39136206644,42101651387,0.481748,13,13,equalized assessment; 2025 board membership applied to all years
edmonton,2024,2023,nr,38716648097,22183139920,0.635744,13,13,equalized assessment; 2025 board membership applied to all years
edmonton,2024,2023,nr_linear,40883637167,27027300480,0.602018,13,13,equalized assessment; 2025 board membership applied to all years
edmonton,2024,2023,nr_all,41754489481,45455700670,0.47878,13,13,equalized assessment; 2025 board membership applied to all years
edmonton,2025,2024,nr,39034724437,23604766519,0.623165,13,13,equalized assessment; 2025 board membership applied to all years
edmonton,2025,2024,nr_linear,41316277687,28502158389,0.591767,13,13,equalized assessment; 2025 board membership applied to all years
edmonton,2025,2024,nr_all,42225940923,48785059709,0.463965,13,13,equalized assessment; 2025 board membership applied to all years
edmonton,2026,2025,nr,38812697402,24937956534,0.60882,13,13,equalized assessment; 2025 board membership applied to all years
edmonton,2026,2025,nr_linear,41246740332,30457661394,0.575233,13,13,equalized assessment; 2025 board membership applied to all years
edmonton,2026,2025,nr_all,42258821244,51363549004,0.451375,13,13,equalized assessment; 2025 board membership applied to all years
