muni_id,region,role,year,population,population_asof,estimate_status,csd_uid,release
calgary,calgary,core,2001,904583,903827,final intercensal,4806016,2026-01-14
calgary,calgary,core,2002,929934,929178,final intercensal,4806016,2026-01-14
calgary,calgary,core,2003,948052,947296,final intercensal,4806016,2026-01-14
calgary,calgary,core,2004,967624,966868,final intercensal,4806016,2026-01-14
calgary,calgary,core,2005,997202,996583,final intercensal,4806016,2026-01-14
calgary,calgary,core,2006,1028518,1027899,final intercensal,4806016,2026-01-14
calgary,calgary,core,2007,1053086,1053086,final intercensal,4806016,2026-01-14
calgary,calgary,core,2008,1080159,1080159,final intercensal,4806016,2026-01-14
calgary,calgary,core,2009,1107714,1107714,final intercensal,4806016,2026-01-14
calgary,calgary,core,2010,1122267,1122267,final intercensal,4806016,2026-01-14
calgary,calgary,core,2011,1140743,1140743,final intercensal,4806016,2026-01-14
calgary,calgary,core,2012,1170624,1170624,final intercensal,4806016,2026-01-14
calgary,calgary,core,2013,1207705,1207705,final intercensal,4806016,2026-01-14
calgary,calgary,core,2014,1241366,1241366,final intercensal,4806016,2026-01-14
calgary,calgary,core,2015,1263636,1263636,final intercensal,4806016,2026-01-14
calgary,calgary,core,2016,1278708,1278708,final intercensal,4806016,2026-01-14
calgary,calgary,core,2017,1289970,1289970,final intercensal,4806016,2026-01-14
calgary,calgary,core,2018,1306586,1306586,final intercensal,4806016,2026-01-14
calgary,calgary,core,2019,1330058,1330058,final intercensal,4806016,2026-01-14
calgary,calgary,core,2020,1351294,1351294,final intercensal,4806016,2026-01-14
calgary,calgary,core,2021,1356293,1356293,final postcensal,4806016,2026-01-14
calgary,calgary,core,2022,1395672,1395672,updated postcensal,4806016,2026-01-14
calgary,calgary,core,2023,1479763,1479763,updated postcensal,4806016,2026-01-14
calgary,calgary,core,2024,1573009,1573009,updated postcensal,4806016,2026-01-14
calgary,calgary,core,2025,1612834,1612834,preliminary postcensal,4806016,2026-01-14
airdrie,calgary,ring,2001,21657,20925,final intercensal,4806021,2026-01-14
airdrie,calgary,ring,2002,23394,22662,final intercensal,4806021,2026-01-14
airdrie,calgary,ring,2003,24971,24264,final intercensal,4806021,2026-01-14
airdrie,calgary,ring,2004,26645,25938,final intercensal,4806021,2026-01-14
airdrie,calgary,ring,2005,28648,27941,final intercensal,4806021,2026-01-14
airdrie,calgary,ring,2006,30893,30186,final intercensal,4806021,2026-01-14
airdrie,calgary,ring,2007,33336,32629,final intercensal,4806021,2026-01-14
airdrie,calgary,ring,2008,35887,35180,final intercensal,4806021,2026-01-14
airdrie,calgary,ring,2009,39082,38375,final intercensal,4806021,2026-01-14
airdrie,calgary,ring,2010,42460,41753,final intercensal,4806021,2026-01-14
airdrie,calgary,ring,2011,45369,44662,final intercensal,4806021,2026-01-14
airdrie,calgary,ring,2012,48618,48618,final intercensal,4806021,2026-01-14
airdrie,calgary,ring,2013,52463,52463,final intercensal,4806021,2026-01-14
airdrie,calgary,ring,2014,56850,56850,final intercensal,4806021,2026-01-14
airdrie,calgary,ring,2015,60659,60659,final intercensal,4806021,2026-01-14
airdrie,calgary,ring,2016,63984,63984,final intercensal,4806021,2026-01-14
airdrie,calgary,ring,2017,67157,67157,final intercensal,4806021,2026-01-14
airdrie,calgary,ring,2018,69841,69841,final intercensal,4806021,2026-01-14
airdrie,calgary,ring,2019,72412,72412,final intercensal,4806021,2026-01-14
airdrie,calgary,ring,2020,74521,74521,final intercensal,4806021,2026-01-14
airdrie,calgary,ring,2021,77079,77079,final postcensal,4806021,2026-01-14
airdrie,calgary,ring,2022,80168,80168,updated postcensal,4806021,2026-01-14
airdrie,calgary,ring,2023,83850,83850,updated postcensal,4806021,2026-01-14
airdrie,calgary,ring,2024,88692,88692,updated postcensal,4806021,2026-01-14
airdrie,calgary,ring,2025,92544,92544,preliminary postcensal,4806021,2026-01-14
chestermere,calgary,ring,2001,4388,4029,final intercensal,4806017,2026-01-14
chestermere,calgary,ring,2002,5507,5148,final intercensal,4806017,2026-01-14
chestermere,calgary,ring,2003,6619,6260,final intercensal,4806017,2026-01-14
chestermere,calgary,ring,2004,7782,7423,final intercensal,4806017,2026-01-14
chestermere,calgary,ring,2005,9044,8685,final intercensal,4806017,2026-01-14
chestermere,calgary,ring,2006,10473,10114,final intercensal,4806017,2026-01-14
chestermere,calgary,ring,2007,12060,11701,final intercensal,4806017,2026-01-14
chestermere,calgary,ring,2008,13272,12913,final intercensal,4806017,2026-01-14
chestermere,calgary,ring,2009,14093,14093,final intercensal,4806017,2026-01-14
chestermere,calgary,ring,2010,14801,14801,final intercensal,4806017,2026-01-14
chestermere,calgary,ring,2011,15451,15451,final intercensal,4806017,2026-01-14
chestermere,calgary,ring,2012,16083,16083,final intercensal,4806017,2026-01-14
chestermere,calgary,ring,2013,16878,16878,final intercensal,4806017,2026-01-14
chestermere,calgary,ring,2014,18163,18163,final intercensal,4806017,2026-01-14
chestermere,calgary,ring,2015,19426,19426,final intercensal,4806017,2026-01-14
chestermere,calgary,ring,2016,20620,20620,final intercensal,4806017,2026-01-14
chestermere,calgary,ring,2017,21214,21214,final intercensal,4806017,2026-01-14
chestermere,calgary,ring,2018,21509,21509,final intercensal,4806017,2026-01-14
chestermere,calgary,ring,2019,21931,21931,final intercensal,4806017,2026-01-14
chestermere,calgary,ring,2020,22326,22326,final intercensal,4806017,2026-01-14
chestermere,calgary,ring,2021,23005,23005,final postcensal,4806017,2026-01-14
chestermere,calgary,ring,2022,24345,24345,updated postcensal,4806017,2026-01-14
chestermere,calgary,ring,2023,26280,26280,updated postcensal,4806017,2026-01-14
chestermere,calgary,ring,2024,28997,28997,updated postcensal,4806017,2026-01-14
chestermere,calgary,ring,2025,31671,31671,preliminary postcensal,4806017,2026-01-14
cochrane,calgary,ring,2001,12344,12101,final intercensal,4806019,2026-01-14
cochrane,calgary,ring,2002,12738,12495,final intercensal,4806019,2026-01-14
cochrane,calgary,ring,2003,13027,12784,final intercensal,4806019,2026-01-14
cochrane,calgary,ring,2004,13330,13330,final intercensal,4806019,2026-01-14
cochrane,calgary,ring,2005,13765,13765,final intercensal,4806019,2026-01-14
cochrane,calgary,ring,2006,14230,14230,final intercensal,4806019,2026-01-14
cochrane,calgary,ring,2007,14723,14723,final intercensal,4806019,2026-01-14
cochrane,calgary,ring,2008,15336,15336,final intercensal,4806019,2026-01-14
cochrane,calgary,ring,2009,16224,16224,final intercensal,4806019,2026-01-14
cochrane,calgary,ring,2010,17284,17284,final intercensal,4806019,2026-01-14
cochrane,calgary,ring,2011,18300,18300,final intercensal,4806019,2026-01-14
cochrane,calgary,ring,2012,19412,19412,final intercensal,4806019,2026-01-14
cochrane,calgary,ring,2013,20815,20815,final intercensal,4806019,2026-01-14
cochrane,calgary,ring,2014,22716,22716,final intercensal,4806019,2026-01-14
cochrane,calgary,ring,2015,24762,24762,final intercensal,4806019,2026-01-14
cochrane,calgary,ring,2016,26860,26860,final intercensal,4806019,2026-01-14
cochrane,calgary,ring,2017,28237,28237,final intercensal,4806019,2026-01-14
cochrane,calgary,ring,2018,29694,29694,final intercensal,4806019,2026-01-14
cochrane,calgary,ring,2019,31013,31013,final intercensal,4806019,2026-01-14
cochrane,calgary,ring,2020,32087,32087,final intercensal,4806019,2026-01-14
cochrane,calgary,ring,2021,33295,33295,final postcensal,4806019,2026-01-14
cochrane,calgary,ring,2022,34720,34720,updated postcensal,4806019,2026-01-14
cochrane,calgary,ring,2023,36327,36327,updated postcensal,4806019,2026-01-14
cochrane,calgary,ring,2024,38100,38100,updated postcensal,4806019,2026-01-14
cochrane,calgary,ring,2025,39397,39397,preliminary postcensal,4806019,2026-01-14
foothills,calgary,ring,2001,16864,17191,final intercensal,4806001,2026-01-14
foothills,calgary,ring,2002,17558,17847,final intercensal,4806001,2026-01-14
foothills,calgary,ring,2003,18116,18405,final intercensal,4806001,2026-01-14
foothills,calgary,ring,2004,18701,18965,final intercensal,4806001,2026-01-14
foothills,calgary,ring,2005,19436,19601,final intercensal,4806001,2026-01-14
foothills,calgary,ring,2006,20180,20345,final intercensal,4806001,2026-01-14
foothills,calgary,ring,2007,20692,20857,final intercensal,4806001,2026-01-14
foothills,calgary,ring,2008,21133,21293,final intercensal,4806001,2026-01-14
foothills,calgary,ring,2009,21549,21709,final intercensal,4806001,2026-01-14
foothills,calgary,ring,2010,21963,22123,final intercensal,4806001,2026-01-14
foothills,calgary,ring,2011,21683,21843,final intercensal,4806001,2026-01-14
foothills,calgary,ring,2012,21993,22143,final intercensal,4806001,2026-01-14
foothills,calgary,ring,2013,22466,22616,final intercensal,4806001,2026-01-14
foothills,calgary,ring,2014,22614,22764,final intercensal,4806001,2026-01-14
foothills,calgary,ring,2015,23256,23406,final intercensal,4806001,2026-01-14
foothills,calgary,ring,2016,23049,23199,final intercensal,4806001,2026-01-14
foothills,calgary,ring,2017,23329,23344,final intercensal,4806001,2026-01-14
foothills,calgary,ring,2018,23568,23583,final intercensal,4806001,2026-01-14
foothills,calgary,ring,2019,23745,23760,final intercensal,4806001,2026-01-14
foothills,calgary,ring,2020,23713,23723,final intercensal,4806001,2026-01-14
foothills,calgary,ring,2021,23851,23851,final postcensal,4806001,2026-01-14
foothills,calgary,ring,2022,24122,24122,updated postcensal,4806001,2026-01-14
foothills,calgary,ring,2023,24568,24568,updated postcensal,4806001,2026-01-14
foothills,calgary,ring,2024,25212,25212,updated postcensal,4806001,2026-01-14
foothills,calgary,ring,2025,25789,25789,preliminary postcensal,4806001,2026-01-14
high_river,calgary,ring,2001,9623,9565,final intercensal,4806006,2026-01-14
high_river,calgary,ring,2002,9913,9893,final intercensal,4806006,2026-01-14
high_river,calgary,ring,2003,10136,10116,final intercensal,4806006,2026-01-14
high_river,calgary,ring,2004,10381,10361,final intercensal,4806006,2026-01-14
high_river,calgary,ring,2005,10732,10712,final intercensal,4806006,2026-01-14
high_river,calgary,ring,2006,11069,11049,final intercensal,4806006,2026-01-14
high_river,calgary,ring,2007,11606,11586,final intercensal,4806006,2026-01-14
high_river,calgary,ring,2008,12105,12085,final intercensal,4806006,2026-01-14
high_river,calgary,ring,2009,12651,12631,final intercensal,4806006,2026-01-14
high_river,calgary,ring,2010,13034,13014,final intercensal,4806006,2026-01-14
high_river,calgary,ring,2011,13362,13342,final intercensal,4806006,2026-01-14
high_river,calgary,ring,2012,13805,13795,final intercensal,4806006,2026-01-14
high_river,calgary,ring,2013,13940,13930,final intercensal,4806006,2026-01-14
high_river,calgary,ring,2014,13584,13574,final intercensal,4806006,2026-01-14
high_river,calgary,ring,2015,13902,13892,final intercensal,4806006,2026-01-14
high_river,calgary,ring,2016,13899,13889,final intercensal,4806006,2026-01-14
high_river,calgary,ring,2017,13998,13988,final intercensal,4806006,2026-01-14
high_river,calgary,ring,2018,14126,14116,final intercensal,4806006,2026-01-14
high_river,calgary,ring,2019,14056,14046,final intercensal,4806006,2026-01-14
high_river,calgary,ring,2020,14119,14109,final intercensal,4806006,2026-01-14
high_river,calgary,ring,2021,14740,14740,final postcensal,4806006,2026-01-14
high_river,calgary,ring,2022,15001,15001,updated postcensal,4806006,2026-01-14
high_river,calgary,ring,2023,15279,15279,updated postcensal,4806006,2026-01-14
high_river,calgary,ring,2024,15496,15496,updated postcensal,4806006,2026-01-14
high_river,calgary,ring,2025,15508,15508,preliminary postcensal,4806006,2026-01-14
okotoks,calgary,ring,2001,12179,12014,final intercensal,4806012,2026-01-14
okotoks,calgary,ring,2002,13272,13107,final intercensal,4806012,2026-01-14
okotoks,calgary,ring,2003,14312,14147,final intercensal,4806012,2026-01-14
okotoks,calgary,ring,2004,15405,15265,final intercensal,4806012,2026-01-14
okotoks,calgary,ring,2005,16666,16526,final intercensal,4806012,2026-01-14
okotoks,calgary,ring,2006,18070,17930,final intercensal,4806012,2026-01-14
okotoks,calgary,ring,2007,19868,19728,final intercensal,4806012,2026-01-14
okotoks,calgary,ring,2008,21487,21352,final intercensal,4806012,2026-01-14
okotoks,calgary,ring,2009,23187,23052,final intercensal,4806012,2026-01-14
okotoks,calgary,ring,2010,24578,24443,final intercensal,4806012,2026-01-14
okotoks,calgary,ring,2011,25620,25485,final intercensal,4806012,2026-01-14
okotoks,calgary,ring,2012,26839,26704,final intercensal,4806012,2026-01-14
okotoks,calgary,ring,2013,27921,27786,final intercensal,4806012,2026-01-14
okotoks,calgary,ring,2014,28839,28704,final intercensal,4806012,2026-01-14
okotoks,calgary,ring,2015,29428,29293,final intercensal,4806012,2026-01-14
okotoks,calgary,ring,2016,29846,29711,final intercensal,4806012,2026-01-14
okotoks,calgary,ring,2017,30108,30108,final intercensal,4806012,2026-01-14
okotoks,calgary,ring,2018,30263,30263,final intercensal,4806012,2026-01-14
okotoks,calgary,ring,2019,30412,30412,final intercensal,4806012,2026-01-14
okotoks,calgary,ring,2020,30846,30846,final intercensal,4806012,2026-01-14
okotoks,calgary,ring,2021,31386,31386,final postcensal,4806012,2026-01-14
okotoks,calgary,ring,2022,31926,31926,updated postcensal,4806012,2026-01-14
okotoks,calgary,ring,2023,32529,32529,updated postcensal,4806012,2026-01-14
okotoks,calgary,ring,2024,33181,33181,updated postcensal,4806012,2026-01-14
okotoks,calgary,ring,2025,33482,33482,preliminary postcensal,4806012,2026-01-14
rocky_view,calgary,ring,2001,29128,31154,final intercensal,4806014,2026-01-14
rocky_view,calgary,ring,2002,30091,32112,final intercensal,4806014,2026-01-14
rocky_view,calgary,ring,2003,30800,32796,final intercensal,4806014,2026-01-14
rocky_view,calgary,ring,2004,31563,33316,final intercensal,4806014,2026-01-14
rocky_view,calgary,ring,2005,32561,34266,final intercensal,4806014,2026-01-14
rocky_view,calgary,ring,2006,33660,35365,final intercensal,4806014,2026-01-14
rocky_view,calgary,ring,2007,34712,35798,final intercensal,4806014,2026-01-14
rocky_view,calgary,ring,2008,35249,36335,final intercensal,4806014,2026-01-14
rocky_view,calgary,ring,2009,35855,36582,final intercensal,4806014,2026-01-14
rocky_view,calgary,ring,2010,36432,37139,final intercensal,4806014,2026-01-14
rocky_view,calgary,ring,2011,36812,37519,final intercensal,4806014,2026-01-14
rocky_view,calgary,ring,2012,37383,37383,final intercensal,4806014,2026-01-14
rocky_view,calgary,ring,2013,38252,38252,final intercensal,4806014,2026-01-14
rocky_view,calgary,ring,2014,39141,39141,final intercensal,4806014,2026-01-14
rocky_view,calgary,ring,2015,39675,39675,final intercensal,4806014,2026-01-14
rocky_view,calgary,ring,2016,40373,40373,final intercensal,4806014,2026-01-14
rocky_view,calgary,ring,2017,40815,40815,final intercensal,4806014,2026-01-14
rocky_view,calgary,ring,2018,41227,41227,final intercensal,4806014,2026-01-14
rocky_view,calgary,ring,2019,41653,41653,final intercensal,4806014,2026-01-14
rocky_view,calgary,ring,2020,41891,41891,final intercensal,4806014,2026-01-14
rocky_view,calgary,ring,2021,42378,42378,final postcensal,4806014,2026-01-14
rocky_view,calgary,ring,2022,43731,43731,updated postcensal,4806014,2026-01-14
rocky_view,calgary,ring,2023,45102,45102,updated postcensal,4806014,2026-01-14
rocky_view,calgary,ring,2024,46706,46706,updated postcensal,4806014,2026-01-14
rocky_view,calgary,ring,2025,50260,50260,preliminary postcensal,4806014,2026-01-14
edmonton,edmonton,core,2001,685188,684646,final intercensal,4811061,2026-01-14
edmonton,edmonton,core,2002,700266,699724,final intercensal,4811061,2026-01-14
edmonton,edmonton,core,2003,710998,710456,final intercensal,4811061,2026-01-14
edmonton,edmonton,core,2004,721622,721080,final intercensal,4811061,2026-01-14
edmonton,edmonton,core,2005,738537,737995,final intercensal,4811061,2026-01-14
edmonton,edmonton,core,2006,759605,759063,final intercensal,4811061,2026-01-14
edmonton,edmonton,core,2007,779360,778818,final intercensal,4811061,2026-01-14
edmonton,edmonton,core,2008,797133,796591,final intercensal,4811061,2026-01-14
edmonton,edmonton,core,2009,818052,817510,final intercensal,4811061,2026-01-14
edmonton,edmonton,core,2010,831589,831047,final intercensal,4811061,2026-01-14
edmonton,edmonton,core,2011,845596,845054,final intercensal,4811061,2026-01-14
edmonton,edmonton,core,2012,864962,864420,final intercensal,4811061,2026-01-14
edmonton,edmonton,core,2013,893025,892483,final intercensal,4811061,2026-01-14
edmonton,edmonton,core,2014,923701,923159,final intercensal,4811061,2026-01-14
edmonton,edmonton,core,2015,946855,946313,final intercensal,4811061,2026-01-14
edmonton,edmonton,core,2016,957435,956893,final intercensal,4811061,2026-01-14
edmonton,edmonton,core,2017,975972,975430,final intercensal,4811061,2026-01-14
edmonton,edmonton,core,2018,1003493,1002951,final intercensal,4811061,2026-01-14
edmonton,edmonton,core,2019,1026499,1026499,final intercensal,4811061,2026-01-14
edmonton,edmonton,core,2020,1046556,1046556,final intercensal,4811061,2026-01-14
edmonton,edmonton,core,2021,1050945,1050945,final postcensal,4811061,2026-01-14
edmonton,edmonton,core,2022,1074178,1074178,updated postcensal,4811061,2026-01-14
edmonton,edmonton,core,2023,1127183,1127183,updated postcensal,4811061,2026-01-14
edmonton,edmonton,core,2024,1197771,1197771,updated postcensal,4811061,2026-01-14
edmonton,edmonton,core,2025,1238295,1238295,preliminary postcensal,4811061,2026-01-14
beaumont,edmonton,ring,2001,7263,7202,final intercensal,4811013,2026-01-14
beaumont,edmonton,ring,2002,7670,7609,final intercensal,4811013,2026-01-14
beaumont,edmonton,ring,2003,8034,7973,final intercensal,4811013,2026-01-14
beaumont,edmonton,ring,2004,8400,8339,final intercensal,4811013,2026-01-14
beaumont,edmonton,ring,2005,8863,8802,final intercensal,4811013,2026-01-14
beaumont,edmonton,ring,2006,9445,9384,final intercensal,4811013,2026-01-14
beaumont,edmonton,ring,2007,10286,10225,final intercensal,4811013,2026-01-14
beaumont,edmonton,ring,2008,11310,11249,final intercensal,4811013,2026-01-14
beaumont,edmonton,ring,2009,12321,12260,final intercensal,4811013,2026-01-14
beaumont,edmonton,ring,2010,13179,13118,final intercensal,4811013,2026-01-14
beaumont,edmonton,ring,2011,13936,13875,final intercensal,4811013,2026-01-14
beaumont,edmonton,ring,2012,14972,14911,final intercensal,4811013,2026-01-14
beaumont,edmonton,ring,2013,15831,15770,final intercensal,4811013,2026-01-14
beaumont,edmonton,ring,2014,16806,16745,final intercensal,4811013,2026-01-14
beaumont,edmonton,ring,2015,17360,17299,final intercensal,4811013,2026-01-14
beaumont,edmonton,ring,2016,17966,17905,final intercensal,4811013,2026-01-14
beaumont,edmonton,ring,2017,18645,18645,final intercensal,4811013,2026-01-14
beaumont,edmonton,ring,2018,19411,19411,final intercensal,4811013,2026-01-14
beaumont,edmonton,ring,2019,19998,19998,final intercensal,4811013,2026-01-14
beaumont,edmonton,ring,2020,20569,20569,final intercensal,4811013,2026-01-14
beaumont,edmonton,ring,2021,21688,21688,final postcensal,4811013,2026-01-14
beaumont,edmonton,ring,2022,22288,22288,updated postcensal,4811013,2026-01-14
beaumont,edmonton,ring,2023,23261,23261,updated postcensal,4811013,2026-01-14
beaumont,edmonton,ring,2024,24742,24742,updated postcensal,4811013,2026-01-14
beaumont,edmonton,ring,2025,26305,26305,preliminary postcensal,4811013,2026-01-14
devon,edmonton,ring,2001,5120,5110,final intercensal,4811018,2026-01-14
devon,edmonton,ring,2002,5379,5369,final intercensal,4811018,2026-01-14
devon,edmonton,ring,2003,5612,5602,final intercensal,4811018,2026-01-14
devon,edmonton,ring,2004,5857,5847,final intercensal,4811018,2026-01-14
devon,edmonton,ring,2005,6160,6150,final intercensal,4811018,2026-01-14
devon,edmonton,ring,2006,6512,6507,final intercensal,4811018,2026-01-14
devon,edmonton,ring,2007,6583,6578,final intercensal,4811018,2026-01-14
devon,edmonton,ring,2008,6604,6599,final intercensal,4811018,2026-01-14
devon,edmonton,ring,2009,6669,6664,final intercensal,4811018,2026-01-14
devon,edmonton,ring,2010,6728,6723,final intercensal,4811018,2026-01-14
devon,edmonton,ring,2011,6752,6747,final intercensal,4811018,2026-01-14
devon,edmonton,ring,2012,6839,6834,final intercensal,4811018,2026-01-14
devon,edmonton,ring,2013,6908,6903,final intercensal,4811018,2026-01-14
devon,edmonton,ring,2014,6955,6950,final intercensal,4811018,2026-01-14
devon,edmonton,ring,2015,6876,6876,final intercensal,4811018,2026-01-14
devon,edmonton,ring,2016,6682,6682,final intercensal,4811018,2026-01-14
devon,edmonton,ring,2017,6626,6626,final intercensal,4811018,2026-01-14
devon,edmonton,ring,2018,6635,6635,final intercensal,4811018,2026-01-14
devon,edmonton,ring,2019,6579,6579,final intercensal,4811018,2026-01-14
devon,edmonton,ring,2020,6643,6643,final intercensal,4811018,2026-01-14
devon,edmonton,ring,2021,6740,6740,final postcensal,4811018,2026-01-14
devon,edmonton,ring,2022,6787,6787,updated postcensal,4811018,2026-01-14
devon,edmonton,ring,2023,6786,6786,updated postcensal,4811018,2026-01-14
devon,edmonton,ring,2024,6865,6865,updated postcensal,4811018,2026-01-14
devon,edmonton,ring,2025,6965,6965,preliminary postcensal,4811018,2026-01-14
fort_saskatchewan,edmonton,ring,2001,13469,13449,final intercensal,4811056,2026-01-14
fort_saskatchewan,edmonton,ring,2002,13872,13852,final intercensal,4811056,2026-01-14
fort_saskatchewan,edmonton,ring,2003,14202,14182,final intercensal,4811056,2026-01-14
fort_saskatchewan,edmonton,ring,2004,14519,14499,final intercensal,4811056,2026-01-14
fort_saskatchewan,edmonton,ring,2005,14961,14941,final intercensal,4811056,2026-01-14
fort_saskatchewan,edmonton,ring,2006,15569,15549,final intercensal,4811056,2026-01-14
fort_saskatchewan,edmonton,ring,2007,16237,16217,final intercensal,4811056,2026-01-14
fort_saskatchewan,edmonton,ring,2008,16889,16869,final intercensal,4811056,2026-01-14
fort_saskatchewan,edmonton,ring,2009,17882,17862,final intercensal,4811056,2026-01-14
fort_saskatchewan,edmonton,ring,2010,18868,18848,final intercensal,4811056,2026-01-14
fort_saskatchewan,edmonton,ring,2011,19904,19884,final intercensal,4811056,2026-01-14
fort_saskatchewan,edmonton,ring,2012,21138,21118,final intercensal,4811056,2026-01-14
fort_saskatchewan,edmonton,ring,2013,22295,22275,final intercensal,4811056,2026-01-14
fort_saskatchewan,edmonton,ring,2014,23104,23084,final intercensal,4811056,2026-01-14
fort_saskatchewan,edmonton,ring,2015,23924,23904,final intercensal,4811056,2026-01-14
fort_saskatchewan,edmonton,ring,2016,24879,24859,final intercensal,4811056,2026-01-14
fort_saskatchewan,edmonton,ring,2017,25900,25880,final intercensal,4811056,2026-01-14
fort_saskatchewan,edmonton,ring,2018,26691,26671,final intercensal,4811056,2026-01-14
fort_saskatchewan,edmonton,ring,2019,27221,27201,final intercensal,4811056,2026-01-14
fort_saskatchewan,edmonton,ring,2020,27549,27549,final intercensal,4811056,2026-01-14
fort_saskatchewan,edmonton,ring,2021,28567,28567,final postcensal,4811056,2026-01-14
fort_saskatchewan,edmonton,ring,2022,28994,28994,updated postcensal,4811056,2026-01-14
fort_saskatchewan,edmonton,ring,2023,29303,29303,updated postcensal,4811056,2026-01-14
fort_saskatchewan,edmonton,ring,2024,29900,29900,updated postcensal,4811056,2026-01-14
fort_saskatchewan,edmonton,ring,2025,30575,30575,preliminary postcensal,4811056,2026-01-14
leduc_city,edmonton,ring,2001,15446,15421,final intercensal,4811016,2026-01-14
leduc_city,edmonton,ring,2002,15865,15840,final intercensal,4811016,2026-01-14
leduc_city,edmonton,ring,2003,16193,16168,final intercensal,4811016,2026-01-14
leduc_city,edmonton,ring,2004,16528,16503,final intercensal,4811016,2026-01-14
leduc_city,edmonton,ring,2005,17017,16992,final intercensal,4811016,2026-01-14
leduc_city,edmonton,ring,2006,17696,17671,final intercensal,4811016,2026-01-14
leduc_city,edmonton,ring,2007,18915,18890,final intercensal,4811016,2026-01-14
leduc_city,edmonton,ring,2008,20248,20223,final intercensal,4811016,2026-01-14
leduc_city,edmonton,ring,2009,22133,22108,final intercensal,4811016,2026-01-14
leduc_city,edmonton,ring,2010,23720,23695,final intercensal,4811016,2026-01-14
leduc_city,edmonton,ring,2011,25387,25362,final intercensal,4811016,2026-01-14
leduc_city,edmonton,ring,2012,26756,26731,final intercensal,4811016,2026-01-14
leduc_city,edmonton,ring,2013,28122,28097,final intercensal,4811016,2026-01-14
leduc_city,edmonton,ring,2014,29435,29435,final intercensal,4811016,2026-01-14
leduc_city,edmonton,ring,2015,30613,30613,final intercensal,4811016,2026-01-14
leduc_city,edmonton,ring,2016,30724,30724,final intercensal,4811016,2026-01-14
leduc_city,edmonton,ring,2017,31731,31731,final intercensal,4811016,2026-01-14
leduc_city,edmonton,ring,2018,32650,32650,final intercensal,4811016,2026-01-14
leduc_city,edmonton,ring,2019,33313,33313,final intercensal,4811016,2026-01-14
leduc_city,edmonton,ring,2020,34126,34126,final intercensal,4811016,2026-01-14
leduc_city,edmonton,ring,2021,35368,35368,final postcensal,4811016,2026-01-14
leduc_city,edmonton,ring,2022,36054,36054,updated postcensal,4811016,2026-01-14
leduc_city,edmonton,ring,2023,37196,37196,updated postcensal,4811016,2026-01-14
leduc_city,edmonton,ring,2024,38798,38798,updated postcensal,4811016,2026-01-14
leduc_city,edmonton,ring,2025,39966,39966,preliminary postcensal,4811016,2026-01-14
leduc_county,edmonton,ring,2001,12567,13205,final intercensal,4811012,2026-01-14
leduc_county,edmonton,ring,2002,12660,13298,final intercensal,4811012,2026-01-14
leduc_county,edmonton,ring,2003,12684,13322,final intercensal,4811012,2026-01-14
leduc_county,edmonton,ring,2004,12696,13334,final intercensal,4811012,2026-01-14
leduc_county,edmonton,ring,2005,12791,13429,final intercensal,4811012,2026-01-14
leduc_county,edmonton,ring,2006,12888,13521,final intercensal,4811012,2026-01-14
leduc_county,edmonton,ring,2007,13187,13820,final intercensal,4811012,2026-01-14
leduc_county,edmonton,ring,2008,13193,13826,final intercensal,4811012,2026-01-14
leduc_county,edmonton,ring,2009,13220,13853,final intercensal,4811012,2026-01-14
leduc_county,edmonton,ring,2010,13345,13978,final intercensal,4811012,2026-01-14
leduc_county,edmonton,ring,2011,13252,13885,final intercensal,4811012,2026-01-14
leduc_county,edmonton,ring,2012,13769,14402,final intercensal,4811012,2026-01-14
leduc_county,edmonton,ring,2013,13911,14544,final intercensal,4811012,2026-01-14
leduc_county,edmonton,ring,2014,13637,14245,final intercensal,4811012,2026-01-14
leduc_county,edmonton,ring,2015,13719,14322,final intercensal,4811012,2026-01-14
leduc_county,edmonton,ring,2016,13395,13998,final intercensal,4811012,2026-01-14
leduc_county,edmonton,ring,2017,13749,14291,final intercensal,4811012,2026-01-14
leduc_county,edmonton,ring,2018,14001,14543,final intercensal,4811012,2026-01-14
leduc_county,edmonton,ring,2019,14122,14122,final intercensal,4811012,2026-01-14
leduc_county,edmonton,ring,2020,14138,14138,final intercensal,4811012,2026-01-14
leduc_county,edmonton,ring,2021,14886,14886,final postcensal,4811012,2026-01-14
leduc_county,edmonton,ring,2022,15114,15114,updated postcensal,4811012,2026-01-14
leduc_county,edmonton,ring,2023,15408,15408,updated postcensal,4811012,2026-01-14
leduc_county,edmonton,ring,2024,15672,15672,updated postcensal,4811012,2026-01-14
leduc_county,edmonton,ring,2025,16400,16400,preliminary postcensal,4811012,2026-01-14
morinville,edmonton,ring,2001,6691,6691,final intercensal,4811068,2026-01-14
morinville,edmonton,ring,2002,6753,6753,final intercensal,4811068,2026-01-14
morinville,edmonton,ring,2003,6775,6775,final intercensal,4811068,2026-01-14
morinville,edmonton,ring,2004,6797,6797,final intercensal,4811068,2026-01-14
morinville,edmonton,ring,2005,6883,6883,final intercensal,4811068,2026-01-14
morinville,edmonton,ring,2006,7027,7027,final intercensal,4811068,2026-01-14
morinville,edmonton,ring,2007,7339,7339,final intercensal,4811068,2026-01-14
morinville,edmonton,ring,2008,7540,7540,final intercensal,4811068,2026-01-14
morinville,edmonton,ring,2009,7987,7987,final intercensal,4811068,2026-01-14
morinville,edmonton,ring,2010,8389,8389,final intercensal,4811068,2026-01-14
morinville,edmonton,ring,2011,8963,8963,final intercensal,4811068,2026-01-14
morinville,edmonton,ring,2012,9201,9201,final intercensal,4811068,2026-01-14
morinville,edmonton,ring,2013,9373,9373,final intercensal,4811068,2026-01-14
morinville,edmonton,ring,2014,9618,9618,final intercensal,4811068,2026-01-14
morinville,edmonton,ring,2015,10098,10098,final intercensal,4811068,2026-01-14
morinville,edmonton,ring,2016,10085,10085,final intercensal,4811068,2026-01-14
morinville,edmonton,ring,2017,10201,10201,final intercensal,4811068,2026-01-14
morinville,edmonton,ring,2018,10337,10337,final intercensal,4811068,2026-01-14
morinville,edmonton,ring,2019,10485,10485,final intercensal,4811068,2026-01-14
morinville,edmonton,ring,2020,10462,10462,final intercensal,4811068,2026-01-14
morinville,edmonton,ring,2021,10753,10753,final postcensal,4811068,2026-01-14
morinville,edmonton,ring,2022,10762,10762,updated postcensal,4811068,2026-01-14
morinville,edmonton,ring,2023,10761,10761,updated postcensal,4811068,2026-01-14
morinville,edmonton,ring,2024,10819,10819,updated postcensal,4811068,2026-01-14
morinville,edmonton,ring,2025,10763,10763,preliminary postcensal,4811068,2026-01-14
parkland,edmonton,ring,2001,28367,28489,final intercensal,4811034,2026-01-14
parkland,edmonton,ring,2002,28866,28988,final intercensal,4811034,2026-01-14
parkland,edmonton,ring,2003,29199,29321,final intercensal,4811034,2026-01-14
parkland,edmonton,ring,2004,29524,29646,final intercensal,4811034,2026-01-14
parkland,edmonton,ring,2005,30039,30161,final intercensal,4811034,2026-01-14
parkland,edmonton,ring,2006,30701,30788,final intercensal,4811034,2026-01-14
parkland,edmonton,ring,2007,31300,31342,final intercensal,4811034,2026-01-14
parkland,edmonton,ring,2008,31839,31881,final intercensal,4811034,2026-01-14
parkland,edmonton,ring,2009,31959,32001,final intercensal,4811034,2026-01-14
parkland,edmonton,ring,2010,32261,32303,final intercensal,4811034,2026-01-14
parkland,edmonton,ring,2011,32124,32166,final intercensal,4811034,2026-01-14
parkland,edmonton,ring,2012,32299,32341,final intercensal,4811034,2026-01-14
parkland,edmonton,ring,2013,32814,32856,final intercensal,4811034,2026-01-14
parkland,edmonton,ring,2014,33423,33465,final intercensal,4811034,2026-01-14
parkland,edmonton,ring,2015,33405,33447,final intercensal,4811034,2026-01-14
parkland,edmonton,ring,2016,33221,33263,final intercensal,4811034,2026-01-14
parkland,edmonton,ring,2017,33448,33490,final intercensal,4811034,2026-01-14
parkland,edmonton,ring,2018,33763,33805,final intercensal,4811034,2026-01-14
parkland,edmonton,ring,2019,33878,33920,final intercensal,4811034,2026-01-14
parkland,edmonton,ring,2020,33766,33808,final intercensal,4811034,2026-01-14
parkland,edmonton,ring,2021,33151,33151,final postcensal,4811034,2026-01-14
parkland,edmonton,ring,2022,33312,33312,updated postcensal,4811034,2026-01-14
parkland,edmonton,ring,2023,33484,33484,updated postcensal,4811034,2026-01-14
parkland,edmonton,ring,2024,33897,33897,updated postcensal,4811034,2026-01-14
parkland,edmonton,ring,2025,34286,34286,preliminary postcensal,4811034,2026-01-14
spruce_grove,edmonton,ring,2001,16528,16441,final intercensal,4811049,2026-01-14
spruce_grove,edmonton,ring,2002,17253,17166,final intercensal,4811049,2026-01-14
spruce_grove,edmonton,ring,2003,17889,17802,final intercensal,4811049,2026-01-14
spruce_grove,edmonton,ring,2004,18548,18461,final intercensal,4811049,2026-01-14
spruce_grove,edmonton,ring,2005,19387,19300,final intercensal,4811049,2026-01-14
spruce_grove,edmonton,ring,2006,20424,20337,final intercensal,4811049,2026-01-14
spruce_grove,edmonton,ring,2007,21762,21720,final intercensal,4811049,2026-01-14
spruce_grove,edmonton,ring,2008,23122,23080,final intercensal,4811049,2026-01-14
spruce_grove,edmonton,ring,2009,24658,24616,final intercensal,4811049,2026-01-14
spruce_grove,edmonton,ring,2010,26104,26062,final intercensal,4811049,2026-01-14
spruce_grove,edmonton,ring,2011,27357,27315,final intercensal,4811049,2026-01-14
spruce_grove,edmonton,ring,2012,28498,28456,final intercensal,4811049,2026-01-14
spruce_grove,edmonton,ring,2013,30182,30140,final intercensal,4811049,2026-01-14
spruce_grove,edmonton,ring,2014,31821,31779,final intercensal,4811049,2026-01-14
spruce_grove,edmonton,ring,2015,33739,33697,final intercensal,4811049,2026-01-14
spruce_grove,edmonton,ring,2016,35083,35041,final intercensal,4811049,2026-01-14
spruce_grove,edmonton,ring,2017,36148,36106,final intercensal,4811049,2026-01-14
spruce_grove,edmonton,ring,2018,37481,37439,final intercensal,4811049,2026-01-14
spruce_grove,edmonton,ring,2019,38141,38099,final intercensal,4811049,2026-01-14
spruce_grove,edmonton,ring,2020,38927,38885,final intercensal,4811049,2026-01-14
spruce_grove,edmonton,ring,2021,39068,39068,final postcensal,4811049,2026-01-14
spruce_grove,edmonton,ring,2022,40005,40005,updated postcensal,4811049,2026-01-14
spruce_grove,edmonton,ring,2023,41032,41032,updated postcensal,4811049,2026-01-14
spruce_grove,edmonton,ring,2024,42794,42794,updated postcensal,4811049,2026-01-14
spruce_grove,edmonton,ring,2025,44575,44575,preliminary postcensal,4811049,2026-01-14
st_albert,edmonton,ring,2001,54385,54340,final intercensal,4811062,2026-01-14
st_albert,edmonton,ring,2002,55466,55421,final intercensal,4811062,2026-01-14
st_albert,edmonton,ring,2003,56241,56196,final intercensal,4811062,2026-01-14
st_albert,edmonton,ring,2004,56990,56945,final intercensal,4811062,2026-01-14
st_albert,edmonton,ring,2005,58201,58156,final intercensal,4811062,2026-01-14
st_albert,edmonton,ring,2006,59811,59766,final intercensal,4811062,2026-01-14
st_albert,edmonton,ring,2007,61239,61239,final intercensal,4811062,2026-01-14
st_albert,edmonton,ring,2008,62848,62848,final intercensal,4811062,2026-01-14
st_albert,edmonton,ring,2009,64297,64297,final intercensal,4811062,2026-01-14
st_albert,edmonton,ring,2010,63022,63022,final intercensal,4811062,2026-01-14
st_albert,edmonton,ring,2011,63401,63401,final intercensal,4811062,2026-01-14
st_albert,edmonton,ring,2012,63653,63653,final intercensal,4811062,2026-01-14
st_albert,edmonton,ring,2013,64442,64442,final intercensal,4811062,2026-01-14
st_albert,edmonton,ring,2014,65643,65643,final intercensal,4811062,2026-01-14
st_albert,edmonton,ring,2015,66392,66392,final intercensal,4811062,2026-01-14
st_albert,edmonton,ring,2016,66812,66812,final intercensal,4811062,2026-01-14
st_albert,edmonton,ring,2017,67704,67704,final intercensal,4811062,2026-01-14
st_albert,edmonton,ring,2018,68769,68769,final intercensal,4811062,2026-01-14
st_albert,edmonton,ring,2019,69154,69154,final intercensal,4811062,2026-01-14
st_albert,edmonton,ring,2020,69650,69650,final intercensal,4811062,2026-01-14
st_albert,edmonton,ring,2021,70389,70389,final postcensal,4811062,2026-01-14
st_albert,edmonton,ring,2022,70720,70820,updated postcensal,4811062,2026-01-14
st_albert,edmonton,ring,2023,71859,71959,updated postcensal,4811062,2026-01-14
st_albert,edmonton,ring,2024,73459,73559,updated postcensal,4811062,2026-01-14
st_albert,edmonton,ring,2025,74621,74721,preliminary postcensal,4811062,2026-01-14
stony_plain,edmonton,ring,2001,9893,9858,final intercensal,4811048,2026-01-14
stony_plain,edmonton,ring,2002,10456,10421,final intercensal,4811048,2026-01-14
stony_plain,edmonton,ring,2003,10960,10925,final intercensal,4811048,2026-01-14
stony_plain,edmonton,ring,2004,11486,11451,final intercensal,4811048,2026-01-14
stony_plain,edmonton,ring,2005,12120,12085,final intercensal,4811048,2026-01-14
stony_plain,edmonton,ring,2006,12814,12814,final intercensal,4811048,2026-01-14
stony_plain,edmonton,ring,2007,13446,13446,final intercensal,4811048,2026-01-14
stony_plain,edmonton,ring,2008,14030,14030,final intercensal,4811048,2026-01-14
stony_plain,edmonton,ring,2009,14755,14755,final intercensal,4811048,2026-01-14
stony_plain,edmonton,ring,2010,15159,15159,final intercensal,4811048,2026-01-14
stony_plain,edmonton,ring,2011,15619,15619,final intercensal,4811048,2026-01-14
stony_plain,edmonton,ring,2012,16060,16060,final intercensal,4811048,2026-01-14
stony_plain,edmonton,ring,2013,16610,16610,final intercensal,4811048,2026-01-14
stony_plain,edmonton,ring,2014,17058,17058,final intercensal,4811048,2026-01-14
stony_plain,edmonton,ring,2015,17425,17425,final intercensal,4811048,2026-01-14
stony_plain,edmonton,ring,2016,17536,17536,final intercensal,4811048,2026-01-14
stony_plain,edmonton,ring,2017,17865,17865,final intercensal,4811048,2026-01-14
stony_plain,edmonton,ring,2018,18174,18174,final intercensal,4811048,2026-01-14
stony_plain,edmonton,ring,2019,18316,18316,final intercensal,4811048,2026-01-14
stony_plain,edmonton,ring,2020,18273,18273,final intercensal,4811048,2026-01-14
stony_plain,edmonton,ring,2021,18556,18556,final postcensal,4811048,2026-01-14
stony_plain,edmonton,ring,2022,18749,18749,updated postcensal,4811048,2026-01-14
stony_plain,edmonton,ring,2023,19081,19081,updated postcensal,4811048,2026-01-14
stony_plain,edmonton,ring,2024,19424,19424,updated postcensal,4811048,2026-01-14
stony_plain,edmonton,ring,2025,19662,19662,preliminary postcensal,4811048,2026-01-14
strathcona,edmonton,ring,2001,73807,73827,final intercensal,4811052,2026-01-14
strathcona,edmonton,ring,2002,76074,76094,final intercensal,4811052,2026-01-14
strathcona,edmonton,ring,2003,77942,77962,final intercensal,4811052,2026-01-14
strathcona,edmonton,ring,2004,79840,79860,final intercensal,4811052,2026-01-14
strathcona,edmonton,ring,2005,82400,82420,final intercensal,4811052,2026-01-14
strathcona,edmonton,ring,2006,85502,85522,final intercensal,4811052,2026-01-14
strathcona,edmonton,ring,2007,87789,87809,final intercensal,4811052,2026-01-14
strathcona,edmonton,ring,2008,89866,89886,final intercensal,4811052,2026-01-14
strathcona,edmonton,ring,2009,92059,92079,final intercensal,4811052,2026-01-14
strathcona,edmonton,ring,2010,94095,94115,final intercensal,4811052,2026-01-14
strathcona,edmonton,ring,2011,95648,95668,final intercensal,4811052,2026-01-14
strathcona,edmonton,ring,2012,96957,96977,final intercensal,4811052,2026-01-14
strathcona,edmonton,ring,2013,98459,98479,final intercensal,4811052,2026-01-14
strathcona,edmonton,ring,2014,99783,99803,final intercensal,4811052,2026-01-14
strathcona,edmonton,ring,2015,99832,99852,final intercensal,4811052,2026-01-14
strathcona,edmonton,ring,2016,99841,99861,final intercensal,4811052,2026-01-14
strathcona,edmonton,ring,2017,100617,100637,final intercensal,4811052,2026-01-14
strathcona,edmonton,ring,2018,101822,101842,final intercensal,4811052,2026-01-14
strathcona,edmonton,ring,2019,102303,102323,final intercensal,4811052,2026-01-14
strathcona,edmonton,ring,2020,102572,102572,final intercensal,4811052,2026-01-14
strathcona,edmonton,ring,2021,102426,102426,final postcensal,4811052,2026-01-14
strathcona,edmonton,ring,2022,103259,103259,updated postcensal,4811052,2026-01-14
strathcona,edmonton,ring,2023,104104,104104,updated postcensal,4811052,2026-01-14
strathcona,edmonton,ring,2024,105876,105876,updated postcensal,4811052,2026-01-14
strathcona,edmonton,ring,2025,107345,107345,preliminary postcensal,4811052,2026-01-14
sturgeon,edmonton,ring,2001,18468,18523,final intercensal,4811059,2026-01-14
sturgeon,edmonton,ring,2002,18662,18717,final intercensal,4811059,2026-01-14
sturgeon,edmonton,ring,2003,18730,18785,final intercensal,4811059,2026-01-14
sturgeon,edmonton,ring,2004,18776,18831,final intercensal,4811059,2026-01-14
sturgeon,edmonton,ring,2005,18959,19014,final intercensal,4811059,2026-01-14
sturgeon,edmonton,ring,2006,19197,19252,final intercensal,4811059,2026-01-14
sturgeon,edmonton,ring,2007,19463,19463,final intercensal,4811059,2026-01-14
sturgeon,edmonton,ring,2008,19693,19693,final intercensal,4811059,2026-01-14
sturgeon,edmonton,ring,2009,19969,19969,final intercensal,4811059,2026-01-14
sturgeon,edmonton,ring,2010,20111,20111,final intercensal,4811059,2026-01-14
sturgeon,edmonton,ring,2011,20199,20199,final intercensal,4811059,2026-01-14
sturgeon,edmonton,ring,2012,20240,20240,final intercensal,4811059,2026-01-14
sturgeon,edmonton,ring,2013,20698,20698,final intercensal,4811059,2026-01-14
sturgeon,edmonton,ring,2014,21567,21567,final intercensal,4811059,2026-01-14
sturgeon,edmonton,ring,2015,21219,21219,final intercensal,4811059,2026-01-14
sturgeon,edmonton,ring,2016,20911,20911,final intercensal,4811059,2026-01-14
sturgeon,edmonton,ring,2017,20916,20916,final intercensal,4811059,2026-01-14
sturgeon,edmonton,ring,2018,21115,21115,final intercensal,4811059,2026-01-14
sturgeon,edmonton,ring,2019,20962,20962,final intercensal,4811059,2026-01-14
sturgeon,edmonton,ring,2020,20843,20843,final intercensal,4811059,2026-01-14
sturgeon,edmonton,ring,2021,20733,20733,final postcensal,4811059,2026-01-14
sturgeon,edmonton,ring,2022,20902,20802,updated postcensal,4811059,2026-01-14
sturgeon,edmonton,ring,2023,20935,20835,updated postcensal,4811059,2026-01-14
sturgeon,edmonton,ring,2024,21130,21030,updated postcensal,4811059,2026-01-14
sturgeon,edmonton,ring,2025,21144,21044,preliminary postcensal,4811059,2026-01-14
