effective,gainer,loser,people,change_list
2002-01-01,irricana,rocky_view,5,2001-2006
2002-07-01,high_river,foothills,38,2001-2006
2003-07-01,airdrie,rocky_view,25,2001-2006
2004-01-01,okotoks,foothills,25,2001-2006
2004-07-01,cochrane,rocky_view,243,2001-2006
2005-01-01,calgary,rocky_view,38,2001-2006
2005-01-01,calgary,foothills,99,2001-2006
2005-01-01,crossfield,rocky_view,10,2001-2006
2006-01-01,stony_plain,parkland,35,2001-2006
2006-01-01,devon,leduc_county,5,2006-2011
2007-01-01,calgary,rocky_view,619,2006-2011
2007-01-01,st_albert,sturgeon,45,2006-2011
2007-01-01,spruce_grove,parkland,45,2006-2011
2007-03-31,redwater,sturgeon,10,2006-2011
2008-05-01,okotoks,foothills,5,2006-2011
2009-01-01,chestermere,rocky_view,359,2006-2011
2010-01-01,crossfield,rocky_view,20,2006-2011
2011-12-31,airdrie,rocky_view,707,2011-2016
2012-01-01,high_river,foothills,10,2011-2016
2014-01-01,leduc_city,leduc_county,25,2011-2016
2015-01-01,devon,leduc_county,5,2011-2016
2017-01-01,beaumont,leduc_county,61,2016-2021
2017-07-01,okotoks,foothills,135,2016-2021
2019-01-01,edmonton,leduc_county,542,2016-2021
2020-01-01,fort_saskatchewan,strathcona,20,2016-2021
2020-01-01,black_diamond,foothills,5,2016-2021
2021-01-01,high_river,foothills,10,2016-2021
2021-01-01,spruce_grove,parkland,42,2016-2021
2022-01-01,st_albert,sturgeon,100,2022
