muni_id,census_year,csd_uid,csd_name,relation,note
edmonton,1996,4811061,Edmonton,member,
edmonton,2001,4811061,Edmonton,member,
edmonton,2006,4811061,Edmonton,member,
edmonton,2011,4811061,Edmonton,member,
edmonton,2016,4811061,Edmonton,member,
edmonton,2021,4811061,Edmonton,member,
beaumont,1996,4811013,Beaumont,member,
beaumont,2001,4811013,Beaumont,member,
beaumont,2006,4811013,Beaumont,member,
beaumont,2011,4811013,Beaumont,member,
beaumont,2016,4811013,Beaumont,member,
beaumont,2021,4811013,Beaumont,member,"town to city, 2019-01-01"
fort_saskatchewan,1996,4811056,Fort Saskatchewan,member,
fort_saskatchewan,2001,4811056,Fort Saskatchewan,member,
fort_saskatchewan,2006,4811056,Fort Saskatchewan,member,
fort_saskatchewan,2011,4811056,Fort Saskatchewan,member,
fort_saskatchewan,2016,4811056,Fort Saskatchewan,member,
fort_saskatchewan,2021,4811056,Fort Saskatchewan,member,
leduc_city,1996,4811016,Leduc,member,
leduc_city,2001,4811016,Leduc,member,
leduc_city,2006,4811016,Leduc,member,
leduc_city,2011,4811016,Leduc,member,
leduc_city,2016,4811016,Leduc,member,
leduc_city,2021,4811016,Leduc,member,
st_albert,1996,4811062,St. Albert,member,
st_albert,2001,4811062,St. Albert,member,
st_albert,2006,4811062,St. Albert,member,
st_albert,2011,4811062,St. Albert,member,
st_albert,2016,4811062,St. Albert,member,
st_albert,2021,4811062,St. Albert,member,
spruce_grove,1996,4811049,Spruce Grove,member,
spruce_grove,2001,4811049,Spruce Grove,member,
spruce_grove,2006,4811049,Spruce Grove,member,
spruce_grove,2011,4811049,Spruce Grove,member,
spruce_grove,2016,4811049,Spruce Grove,member,
spruce_grove,2021,4811049,Spruce Grove,member,
strathcona,1996,4811052,Strathcona County,member,
strathcona,2001,4811052,Strathcona County,member,
strathcona,2006,4811052,Strathcona County,member,
strathcona,2011,4811052,Strathcona County,member,
strathcona,2016,4811052,Strathcona County,member,
strathcona,2021,4811052,Strathcona County,member,
leduc_county,1996,4811012,Leduc County No. 25,member,
leduc_county,1996,4811014,New Sarepta,absorbed,village; dissolved into Leduc County before SGC 2011
leduc_county,2001,4811012,Leduc County,member,renamed from Leduc County No. 25 (SGC 1996-2001)
leduc_county,2001,4811014,New Sarepta,absorbed,village; dissolved into Leduc County before SGC 2011
leduc_county,2006,4811012,Leduc County,member,
leduc_county,2006,4811014,New Sarepta,absorbed,village; dissolved into Leduc County before SGC 2011
leduc_county,2011,4811012,Leduc County,member,type CM to MD; absorbed New Sarepta (SGC 2006-2011)
leduc_county,2016,4811012,Leduc County,member,
leduc_county,2021,4811012,Leduc County,member,
parkland,1996,4811034,Parkland County,member,
parkland,1996,4811036,Entwistle,absorbed,village; dissolved into Parkland County before SGC 2001
parkland,1996,4811045,Wabamun,absorbed,village; dissolved into Parkland County 2021-01-01
parkland,2001,4811034,Parkland County,member,absorbed Entwistle (SGC 1996-2001)
parkland,2001,4811045,Wabamun,absorbed,village; dissolved into Parkland County 2021-01-01
parkland,2006,4811034,Parkland County,member,
parkland,2006,4811045,Wabamun,absorbed,village; dissolved into Parkland County 2021-01-01
parkland,2011,4811034,Parkland County,member,type CM to MD (SGC 2006-2011)
parkland,2011,4811045,Wabamun,absorbed,village; dissolved into Parkland County 2021-01-01
parkland,2016,4811034,Parkland County,member,
parkland,2016,4811045,Wabamun,absorbed,village; dissolved into Parkland County 2021-01-01
parkland,2021,4811034,Parkland County,member,"absorbed Wabamun, 2021-01-01"
sturgeon,1996,4811059,Sturgeon No. 90,member,
sturgeon,2001,4811059,Sturgeon County,member,renamed from Sturgeon No. 90 (SGC 1996-2001)
sturgeon,2006,4811059,Sturgeon County,member,
sturgeon,2011,4811059,Sturgeon County,member,
sturgeon,2016,4811059,Sturgeon County,member,
sturgeon,2021,4811059,Sturgeon County,member,
devon,1996,4811018,Devon,member,
devon,2001,4811018,Devon,member,
devon,2006,4811018,Devon,member,
devon,2011,4811018,Devon,member,
devon,2016,4811018,Devon,member,
devon,2021,4811018,Devon,member,
morinville,1996,4811068,Morinville,member,
morinville,2001,4811068,Morinville,member,
morinville,2006,4811068,Morinville,member,
morinville,2011,4811068,Morinville,member,
morinville,2016,4811068,Morinville,member,
morinville,2021,4811068,Morinville,member,
stony_plain,1996,4811048,Stony Plain,member,
stony_plain,2001,4811048,Stony Plain,member,
stony_plain,2006,4811048,Stony Plain,member,
stony_plain,2011,4811048,Stony Plain,member,
stony_plain,2016,4811048,Stony Plain,member,
stony_plain,2021,4811048,Stony Plain,member,
calgary,1996,4806016,Calgary,member,
calgary,2001,4806016,Calgary,member,
calgary,2006,4806016,Calgary,member,
calgary,2011,4806016,Calgary,member,
calgary,2016,4806016,Calgary,member,
calgary,2021,4806016,Calgary,member,
airdrie,1996,4806021,Airdrie,member,
airdrie,2001,4806021,Airdrie,member,
airdrie,2006,4806021,Airdrie,member,
airdrie,2011,4806021,Airdrie,member,
airdrie,2016,4806021,Airdrie,member,
airdrie,2021,4806021,Airdrie,member,
chestermere,1996,4806017,Chestermere,member,
chestermere,2001,4806017,Chestermere,member,
chestermere,2006,4806017,Chestermere,member,
chestermere,2011,4806017,Chestermere,member,
chestermere,2016,4806017,Chestermere,member,town to city (SGC 2011-2016)
chestermere,2021,4806017,Chestermere,member,
cochrane,1996,4806019,Cochrane,member,
cochrane,2001,4806019,Cochrane,member,
cochrane,2006,4806019,Cochrane,member,
cochrane,2011,4806019,Cochrane,member,
cochrane,2016,4806019,Cochrane,member,
cochrane,2021,4806019,Cochrane,member,
foothills,1996,4806001,Foothills No. 31,member,
foothills,1996,4806004,Blackie,absorbed,village; dissolved into Foothills No. 31 before SGC 2001
foothills,2001,4806001,Foothills No. 31,member,absorbed Blackie (SGC 1996-2001)
foothills,2006,4806001,Foothills No. 31,member,
foothills,2011,4806001,Foothills No. 31,member,
foothills,2016,4806001,Foothills No. 31,member,
foothills,2021,4806001,Foothills County,member,"renamed from Foothills No. 31, 2019-01-01"
high_river,1996,4806006,High River,member,
high_river,2001,4806006,High River,member,
high_river,2006,4806006,High River,member,
high_river,2011,4806006,High River,member,
high_river,2016,4806006,High River,member,
high_river,2021,4806006,High River,member,
okotoks,1996,4806012,Okotoks,member,
okotoks,2001,4806012,Okotoks,member,
okotoks,2006,4806012,Okotoks,member,
okotoks,2011,4806012,Okotoks,member,
okotoks,2016,4806012,Okotoks,member,
okotoks,2021,4806012,Okotoks,member,
rocky_view,1996,4806014,Rocky View No. 44,member,
rocky_view,2001,4806014,Rocky View No. 44,member,
rocky_view,2006,4806014,Rocky View No. 44,member,
rocky_view,2011,4806014,Rocky View County,member,renamed from Rocky View No. 44 (SGC 2006-2011)
rocky_view,2016,4806014,Rocky View County,member,
rocky_view,2021,4806014,Rocky View County,member,
